<?xml version="1.0" encoding="UTF-8"?>
<project-private xmlns="http://www.netbeans.org/ns/project-private/1">
    <editor-bookmarks xmlns="http://www.netbeans.org/ns/editor-bookmarks/2" lastBookmarkId="0"/>
    <open-files xmlns="http://www.netbeans.org/ns/projectui-open-files/2">
        <group>
            <file>file:/Users/hyunyoungpark/NetBeansProjects/FinalProjectGUI/src/FinalGUI/DataBase.java</file>
            <file>file:/Users/hyunyoungpark/NetBeansProjects/FinalProjectGUI/src/FinalGUI/Shoesstocktable.java</file>
            <file>file:/Users/hyunyoungpark/NetBeansProjects/FinalProjectGUI/src/FinalGUI/GUI.java</file>
            <file>file:/Users/hyunyoungpark/NetBeansProjects/FinalProjectGUI/src/FinalGUI/Show_Jtable_row_data.java</file>
        </group>
    </open-files>
</project-private>
